{"type": "block", "layer": 105, "block": 0, "features": [{"geom": {"lines": [[-15907.3842664361, -4600.977137230628, 1741.7491425, -15612.548473082075, -4656.401454611623, 1746.9615251, -15317.71267972712, -4711.825771992619, 1752.5089613, -15022.876886373095, -4767.250089372625, 1761.07632954, -14728.04109301907, -4822.67440675362, 1768.05722554, -14433.205299664114, -4878.098724134616, 1778.28314108, -14138.36950631009, -4933.523041514622, 1789.8363444000001, -13843.533712956123, -4988.947358895617, 1800.29786682, -13548.697919601109, -5044.371676276613, 1813.212673, -13253.862126247084, -5099.7959936566185, 1827.7593063, -12959.026332893118, -5155.220311037614, 1843.3947303599998, -12664.190539538104, -5210.6446284186095, 1857.3355180199999, -12369.354746184079, -5266.0689457986155, 1861.5893325799998, -12074.518952830113, -5321.493263179611, 1857.83077494, -11779.683159475098, -5376.917580560606, 1838.3895263599998, -11484.847366121074, -5432.341897940612, 1799.91322252, -11190.011572767107, -5487.766215321608, 1739.6645635, -10895.175779412093, -5543.190532702603, 1655.70135594, -10600.240683308104, -5598.034544957627, 1578.3371582, -10303.751820044068, -5643.798657096631, 1476.84378156, -10007.262956779101, -5689.562769236625, 1388.2087809199998, -9710.774093514076, -5735.326881376619, 1355.4966606599999, -9414.285230249108, -5781.090993516613, 1366.1241304999999, -9117.796366984083, -5826.855105656607, 1386.0725946, -8821.307503720105, -5872.6192177966, 1401.82507832, -8524.81864045508, -5918.383329935605, 1409.3842392, -8228.329777190113, -5964.1474420755985, 1409.77226258, -7931.840913925087, -6009.911554215592, 1405.13044994, -7635.35205066012, -6055.675666355644, 1397.46376038, -7338.863187396084, -6101.439778495638, 1388.6721976800002, -7042.374324131117, -6147.203890634642, 1379.48246002, -6745.885460866091, -6192.968002774636, 1370.20142102, -6449.396597601124, -6238.73211491463, 1360.9228261399999, -6152.907734336099, -6284.496227054624, 1351.83875528, -5856.418871072121, -6330.260339194618, 1343.7215347200001, -5559.9300078070955, -6376.0244513346115, 1336.34348982, -5262.964575964084, -6418.5483194696135, 1329.44003746, -4965.854616751079, -6460.089529572637, 1322.95766022, -4668.744657539122, -6501.630739675602, 1317.04403736, -4371.634698326117, -6543.171949777636, 1311.84544192, -4074.524739114102, -6584.713159880601, 1307.28834508, -3777.414779901097, -6626.254369983624, 1302.74813292, -3480.3048206890817, -6667.7955800856, 1298.35491994, -3182.9502188410843, -6707.4259808945935, 1294.69305166, -2884.9580047500785, -6742.076238346635, 1291.56610108, -2586.9657906601205, -6776.7264957996085, 1289.2855657, -2288.9735765701043, -6811.376753251592, 1287.9274587200002, -1990.9813624790986, -6846.027010703634, 1287.39188386, -1692.9891483890824, -6880.677268156607, 1345.97949982, -1394.171251927095, -6902.969186422648, 1764.4539617, -1094.2180638770806, -6908.268712713616, 1793.02143096, -794.2648758270661, -6913.568239004642, 1794.01603698, -494.31168777809944, -6918.867765294621, 1793.4593455000002, -194.358499728085, -6924.167291585647, 807.38181304, 105.59468832088169, -6929.466817876615, 0.0, 405.3445802939241, -6932.366535122623, 0.0, 700.1318107919069, -6876.684502694639, 539.35845692, 994.9190412898897, -6821.002470267646, 1405.04184468, 1289.7062717879307, -6765.3204378405935, 1403.1643001399998, 1584.4935022859136, -6709.63840541261, 1400.1672776999999, 1879.2807327838964, -6653.956372985616, 1397.54197948, 2174.067963282927, -6598.274340557633, 1399.2030131000001, 2468.8551937809098, -6542.592308130639, 1408.04787954, 2763.6424242788926, -6486.910275703645, 1409.39266268, 3058.4296547769336, -6431.228243275604, 1383.76193492, 3353.2168852749164, -6375.54621084861, 1393.96023814, 3648.0041157728992, -6319.864178420627, 1399.1635691400002, 3942.791346270882, -6264.182145993633, 1387.0281245, 4237.578576768923, -6208.500113565591, 1370.0452610799998, 4532.365807267895, -6152.818081138597, 1365.7464836400002, 4827.153037765878, -6097.1360487116035, 1415.29131062, 5121.940268263919, -6041.45401628362, 1505.1357586200002, 5408.632323368918, -5957.696055715613, 1540.6922835, 5687.812502979883, -5847.885185068648, 1574.7667381400001, 5966.992682591896, -5738.074314421625, 1608.71423754, 6246.172862202919, -5628.263443774602, 1640.3685913000002, 6525.3530418138835, -5518.452573126648, 1648.5882218200002, 6804.5332214249065, -5408.641702479625, 1630.3499073, 7083.71340103593, -5298.830831832602, 1592.45374408, 7359.463829188899, -5181.5338971426245, 1551.61385074, 7624.939295902906, -5041.809967293637, 1514.50985768, 7890.414762617904, -4902.0860374436015, 1486.42254008, 8155.890229332901, -4762.362107593624, 1472.623323, 8421.365696046909, -4622.638177743647, 1468.2582016000001, 8686.841162761906, -4482.914247894601, 1467.5884780800002, 8952.316629475914, -4343.190318044624, 1467.98003116, 9217.792096190911, -4203.466388194647, 1468.43328604, 9483.267562905909, -4063.742458344612, 1468.58549056, 9748.743029619916, -3924.0185284946347, 1471.62567138, 10014.218496334914, -3784.294598645647, 1478.2367361799998, 10279.693963048921, -3644.5706687956117, 1485.6686198, 10545.169429763919, -3504.8467389456346, 1495.35471852, 10810.644896478916, -3365.122809095599, 1504.2218983999999, 11076.120363192924, -3225.3988792466116, 1513.859165, 11341.595829907921, -3085.6749493966345, 1523.4979659800001, 11607.071296621929, -2945.951019546599, 1534.7857271399998, 11872.546763336926, -2806.227089696622, 1548.2348480199998, 12138.022230051924, -2666.5031598476344, 1560.79048032, 12403.497696765931, -2526.779229997599, 1570.47330954, 12668.973163480929, -2387.055300147622, 1575.36383206, 12934.448630194878, -2247.3313702976448, 1576.94339094, 13199.924096909934, -2107.607440448599, 1576.34186268, 13465.399563624931, -1967.8835105986218, 1571.8539335]]}, "mtl": {"idx": 0}}], "featureCount": 1, "startIndex": 0}