{"type": "block", "layer": 106, "block": 0, "features": [{"geom": {"triangles": {"v": [-15907.369775822095, -4600.97132191062, 1708.6062622070312, -15907.369775822095, -4600.97132191062, 1771.1997985839844, -15612.557275822095, -4656.40882191062, 1716.6671752929688, -15612.557275822095, -4656.40882191062, 1776.2765502929688, -15317.713525822095, -4711.81507191062, 1723.0506896972656, -15317.713525822095, -4711.81507191062, 1781.1215209960938, -15022.869775822095, -4767.25257191062, 1730.2099609375, -15022.869775822095, -4767.25257191062, 1791.094970703125, -14728.026025822095, -4822.65882191062, 1738.8092041015625, -14728.026025822095, -4822.65882191062, 1796.3189697265625, -14433.213525822095, -4878.09632191062, 1749.5339965820312, -14433.213525822095, -4878.09632191062, 1804.3502807617188, -14138.369775822095, -4933.53382191062, 1761.8899536132812, -14138.369775822095, -4933.53382191062, 1814.3098449707031, -13843.526025822095, -4988.94007191062, 1773.9480590820312, -13843.526025822095, -4988.94007191062, 1824.2280578613281, -13548.713525822095, -5044.37757191062, 1785.4936218261719, -13548.713525822095, -5044.37757191062, 1837.6564025878906, -13253.869775822095, -5099.78382191062, 1797.8536987304688, -13253.869775822095, -5099.78382191062, 1854.2733764648438, -12959.026025822095, -5155.22132191062, 1811.8563842773438, -12959.026025822095, -5155.22132191062, 1871.2669372558594, -12664.182275822095, -5210.65882191062, 1830.5638122558594, -12664.182275822095, -5210.65882191062, 1883.7591552734375, -12369.369775822095, -5266.06507191062, 1826.463623046875, -12369.369775822095, -5266.06507191062, 1890.0556945800781, -12074.526025822095, -5321.50257191062, 1893.5693359375, -12074.526025822095, -5321.50257191062, 1814.014892578125, -11779.682275822095, -5376.90882191062, 1886.7488098144531, -11779.682275822095, -5376.90882191062, 1782.6908874511719, -11484.838525822095, -5432.34632191062, 1862.5642395019531, -11484.838525822095, -5432.34632191062, 1731.8354797363281, -11190.026025822095, -5487.75257191062, 1813.3242797851562, -11190.026025822095, -5487.75257191062, 1660.9696960449219, -10895.182275822095, -5543.19007191062, 1741.9757080078125, -10895.182275822095, -5543.19007191062, 1479.4721984863281, -10600.244775822095, -5598.03382191062, 1670.4241943359375, -10600.244775822095, -5598.03382191062, 1494.1856384277344, -10303.744775822095, -5643.78382191062, 1559.7889709472656, -10303.744775822095, -5643.78382191062, 1412.5656127929688, -10007.276025822095, -5689.56507191062, 1454.7129821777344, -10007.276025822095, -5689.56507191062, 1359.9287414550781, -9710.776025822095, -5735.31507191062, 1373.4901428222656, -9710.776025822095, -5735.31507191062, 1348.7753295898438, -9414.276025822095, -5781.09632191062, 1352.935791015625, -9414.276025822095, -5781.09632191062, 1388.4889221191406, -9117.807275822095, -5826.84632191062, 1370.089111328125, -9117.807275822095, -5826.84632191062, 1407.0703125, -8821.307275822095, -5872.62757191062, 1387.2158813476562, -8821.307275822095, -5872.62757191062, 1417.6467895507812, -8524.807275822095, -5918.37757191062, 1399.0744018554688, -8524.807275822095, -5918.37757191062, 1419.7441101074219, -8228.338525822095, -5964.15882191062, 1402.5942993164062, -8228.338525822095, -5964.15882191062, 1419.1033935546875, -7931.838525822095, -6009.90882191062, 1414.130859375, -7931.838525822095, -6009.90882191062, 1398.3050537109375, -7635.338525822095, -6055.69007191062, 1405.4737854003906, -7635.338525822095, -6055.69007191062, 1390.7737731933594, -7338.869775822095, -6101.44007191062, 1395.3817749023438, -7338.869775822095, -6101.44007191062, 1383.0036926269531, -7042.369775822095, -6147.19007191062, 1384.9539184570312, -7042.369775822095, -6147.19007191062, 1374.5101928710938, -6745.869775822095, -6192.97132191062, 1374.686279296875, -6745.869775822095, -6192.97132191062, 1365.4205322265625, -6449.401025822095, -6238.72132191062, 1365.3132629394531, -6449.401025822095, -6238.72132191062, 1356.0791015625, -6152.901025822095, -6284.50257191062, 1355.9785461425781, -6152.901025822095, -6284.50257191062, 1346.9810485839844, -5856.432275822095, -6330.25257191062, 1348.7635803222656, -5856.432275822095, -6330.25257191062, 1339.0969848632812, -5559.932275822095, -6376.03382191062, 1340.9097290039062, -5559.932275822095, -6376.03382191062, 1331.8327331542969, -5262.963525822095, -6418.53382191062, 1333.5832214355469, -5262.963525822095, -6418.53382191062, 1325.1173400878906, -4965.869775822095, -6460.09632191062, 1326.7913818359375, -4965.869775822095, -6460.09632191062, 1319.7334289550781, -4668.744775822095, -6501.62757191062, 1320.6552124023438, -4668.744775822095, -6501.62757191062, 1313.7513732910156, -4371.619775822095, -6543.15882191062, 1315.1194763183594, -4371.619775822095, -6543.15882191062, 1308.8783264160156, -4074.526025822095, -6584.72132191062, 1310.2337646484375, -4074.526025822095, -6584.72132191062, 1304.569091796875, -3777.401025822095, -6626.25257191062, 1305.5484008789062, -3777.401025822095, -6626.25257191062, 1300.2174377441406, -3480.307275822095, -6667.78382191062, 1300.9477233886719, -3480.307275822095, -6667.78382191062, 1292.7813720703125, -3182.963525822095, -6707.44007191062, 1297.0704650878906, -3182.963525822095, -6707.44007191062, 1292.2982788085938, -2884.963525822095, -6742.06507191062, 1293.758544921875, -2884.963525822095, -6742.06507191062, 1289.6662902832031, -2586.963525822095, -6776.72132191062, 1290.6765747070312, -2586.963525822095, -6776.72132191062, 1288.4841918945312, -2288.963525822095, -6811.37757191062, 1288.5472106933594, -2288.963525822095, -6811.37757191062, 1286.4718627929688, -1990.994775822095, -6846.03382191062, 1288.9830017089844, -1990.994775822095, -6846.03382191062, 1285.9144592285156, -1692.994775822095, -6880.69007191062, 1286.158447265625, -1692.994775822095, -6880.69007191062, 1788.2571411132812, -1394.182275822095, -6902.97132191062, 1287.5741577148438, -1394.182275822095, -6902.97132191062, 1792.3683166503906, -1094.213525822095, -6908.28382191062, 1790.4006958007812, -1094.213525822095, -6908.28382191062, 1795.8189392089844, -794.2760258220951, -6913.56507191062, 1791.5419006347656, -794.2760258220951, -6913.56507191062, 1796.3450622558594, -494.3072758220951, -6918.87757191062, 1796.3160705566406, -494.3072758220951, -6918.87757191062, 1790.2386474609375, -194.3697758220951, -6924.15882191062, 1796.0063171386719, -194.3697758220951, -6924.15882191062, -3.984439445048338e-09, 105.59897417790489, -6929.47132191062, -3.984439445048338e-09, 105.59897417790489, -6929.47132191062, -1.999969482421875, 405.3489741779049, -6932.37757191062, -3.984439445048338e-09, 405.3489741779049, -6932.37757191062, -1.999969482421875, 700.1302241779049, -6876.69007191062, -3.984439445048338e-09, 700.1302241779049, -6876.69007191062, 1411.1555480957031, 994.9114741779049, -6821.00257191062, 1399.580078125, 994.9114741779049, -6821.00257191062, 1410.0567626953125, 1289.692724177905, -6765.31507191062, 1408.4547424316406, 1289.692724177905, -6765.31507191062, 1395.4927062988281, 1584.505224177905, -6709.62757191062, 1406.9621276855469, 1584.505224177905, -6709.62757191062, 1389.9772644042969, 1879.286474177905, -6653.97132191062, 1404.6452331542969, 1879.286474177905, -6653.97132191062, 1389.9923706054688, 2174.067724177905, -6598.28382191062, 1394.4337463378906, 2174.067724177905, -6598.28382191062, 1412.1823120117188, 2468.848974177905, -6542.59632191062, 1520.4800415039062, 2468.848974177905, -6542.59632191062, 1284.5103454589844, 2763.630224177905, -6486.90882191062, 1306.458740234375, 2763.630224177905, -6486.90882191062, 1504.0388488769531, 3058.442724177905, -6431.22132191062, 1471.9090270996094, 3058.442724177905, -6431.22132191062, 1300.3433227539062, 3353.223974177905, -6375.53382191062, 1434.063720703125, 3353.223974177905, -6375.53382191062, 1301.4743041992188, 3648.005224177905, -6319.87757191062, 1393.1153869628906, 3648.005224177905, -6319.87757191062, 1413.206787109375, 