{"type": "block", "layer": 99, "block": 0, "features": [{"geom": {"lines": [[-15907.384266436275, -1323.2198799934122, 2436.1105013942597, -15618.47786814411, -1254.9742740975926, 2477.0343809701053, -15329.571469851886, -1186.7286682018894, 2507.1045766621237, -15040.665071559779, -1118.4830623060698, 2513.1523771025445, -14751.758673267497, -1050.2374564103084, 2505.4618530398548, -14462.852274975332, -981.9918505144306, 2489.990493315817, -14173.94587668305, -913.7462446186692, 2483.6825592366113, -13885.039478390827, -845.5006387228495, 2475.337244360348, -13596.133080098662, -777.2550328270299, 2475.0930741309207, -13307.226681806438, -709.0094269313267, 2514.966479657305, -13018.320283514215, -640.7638210355071, 2539.401028730426, -12729.413885222108, -572.5182151397457, 2539.6386200951747, -12440.507486929826, -504.2726092438679, 2507.4788354465495, -12151.601088637719, -436.0270033481065, 2474.9262764246027, -11862.694690345495, -367.7813974523451, 2474.683156708089, -11601.086534411588, -322.28432685520966, 2444.9676177390597, -11339.478378477681, -276.7872562579578, 2420.0605144935935, -11077.870222543832, -231.2901856607641, 2456.962281878748, -10816.262066609983, -185.79311506351223, 2533.3908707211335, -10554.653910676076, -140.29604446637677, 2599.6961930059415, -10293.045754742227, -94.7989738691831, 2640.3484644528844, -10031.437598808261, -49.30190327198943, 2656.141665557694, -9742.531200516096, 7.569434974517208, 2678.2736009718406, -9453.62480222393, 64.44077322108205, 2718.5188900890244, -9164.718403931649, 121.31211146747228, 2766.004688165474, -8875.812005639484, 178.18344971397892, 2789.234594254688, -8586.905607347318, 235.05478796054376, 2793.8960614069542, -8297.999209055153, 291.9261262069922, 2811.7111525778528, -8009.0928107628715, 348.79746445349883, 2826.887778574091, -7716.578091182921, 410.3042447451735, 2825.5858664465104, -7424.0633716029115, 471.81102503696457, 2864.087375723718, -7131.548652023019, 533.3178053286974, 2898.5246511157093, -6839.033932443126, 594.8245856204885, 2899.7075143685333, -6546.519212863117, 656.3313659122214, 2862.716659462517, -6254.004493283166, 717.8381462040124, 2853.105861005716, -5961.489773703215, 779.3449264955707, 2868.152182151046, -5668.975054123264, 840.8517067873618, 2842.6444873687333, -5376.460334543313, 902.3584870791528, 2787.2982188075075, -5083.945614963421, 963.8652673708857, 2821.441294484216, -4791.430895383528, 1025.3720476626768, 2873.1004027820227, -4498.916175803461, 1086.8788279544096, 2937.649642904714, -4206.401456223568, 1148.3856082461425, 2939.827939500505, -3913.886736643559, 1209.8923885378754, 2928.76669469948, -3635.237067466078, 1294.457711024559, 2838.8987909535895, -3356.5873982884223, 1379.023033511301, 2655.8795596739196, -3077.9377291107667, 1463.5883559981012, 2644.9840172522704, -2799.2880599332275, 1548.153678484843, 2834.959000634365, -2520.6383907556883, 1632.7190009715268, 2949.5733977354294, -2241.9887215780327, 1717.2843234582688, 2987.8628752661534, -1963.3390524004935, 1801.8496459450107, 3020.525174125296, -1684.6893832228961, 1886.4149684316944, 3046.4165714034616, -1406.0397140451823, 1970.9802909184946, 3033.7682935324283, -1153.099919364322, 2087.808985322714, 2989.385549045769, -900.1601246834616, 2204.6376797268167, 3014.131433914268, -647.2203300027177, 2321.466374130978, 3063.503768331056, -394.2805353216827, 2438.295068535197, 3083.4860265743273, -141.34074064076412, 2555.1237629394163, 3052.0693643333125, 111.59905404003803, 2671.9524573435774, 3020.993260791169, 364.5388487210148, 2788.7811517477967, 3046.384346588118, 617.478643401817, 2905.609846151783, 3053.1820609097012, 870.4184380827937, 3022.438540556119, 3054.3416377267886, 1123.3582327635959, 3139.26723496028, 3042.1321596246944, 1376.2980274445144, 3256.095929364441, 3042.4812782162517, 1647.187335789844, 3364.752610382333, 3054.499816977833, 1918.0766441351152, 3473.4092914003413, 3072.425879499682, 2188.9659524804447, 3582.065972418408, 3026.5584604913006, 2459.855260825774, 3690.722653436358, 3005.5564183987044, 2730.74456917122, 3799.37933445425, 2968.6505812713312, 3001.6338775165495, 3908.0360154722584, 2924.1008574775747, 3272.5231858619954, 4016.692696490325, 2925.6705705819886, 3546.494041702419, 4119.561336574785, 2894.8154151311023, 3820.464897542959, 4222.429976659128, 2857.8219556183794, 4094.4357533835573, 4325.298616743588, 2821.7301262379083, 4368.4066092241555, 4428.16725682799, 2790.745072843795, 4642.377465064579, 4531.035896912275, 2795.753682065101, 4916.348320905294, 4633.904536996677, 2787.5745534922917, 5190.319176745717, 4736.773177081137, 2765.668758964382, 5464.290032586257, 4839.6418171654805, 2740.307191993148, 5738.2608884267975, 4942.510457249882, 2722.150574105941, 6012.231744267396, 5045.379097334167, 2730.485671321312, 6286.202600107994, 5148.247737418569, 2702.5437061928046, 6551.023642193468, 5282.19791568286, 2678.568377266196, 6815.844684278825, 5416.148093946977, 2698.114477127102, 7080.665726364416, 5550.098272211151, 2727.1876197952447, 7345.486768449773, 5684.048450475326, 2737.065079723691, 7610.307810535247, 5817.998628739442, 2689.426945799112, 7875.128852620663, 5951.948807003559, 2664.7646351664534, 8139.949894706195, 6085.898985267733, 2650.5678825044524, 8404.770936791552, 6219.84916353185, 2625.6875899425945, 8669.591978877143, 6353.799341795966, 2611.512464116456, 8934.413020962558, 6487.749520060257, 2601.3389711985183, 9199.234063047916, 6621.6996983243735, 2578.4089082265355, 9464.055105133331, 6755.649876588548, 2562.962455603594, 9709.280509855249, 6908.49584802473, 2544.122865449895, 9954.50591457705, 7061.341819460853, 2530.1192576986477, 10199.73131929891, 7214.187790897151, 2570.5680742941267, 10444.95672402071, 7367.033762333274, 2566.9095764201857, 10690.182128742512, 7519.879733769514, 2556.9566154036957, 10935.407533464488, 7672.725705205754, 2573.4760333716326, 11180.632938186289, 7825.5716766419355, 2555.0912123395915, 11425.85834290809, 7978.417648078175, 2574.2576765421472, 11671.08374762995, 8131.263619514415, 2594.2253592718266, 11916.30915235175, 8284.109590950597, 2587.364883016312, 12161.534557073493, 8436.955562386895, 2519.6413316987255, 12378.66777413321, 8584.541236842982, 2528.5527194059214, 12595.800991192984, 8732.126911299245, 2545.429489734085, 12812.934208252642, 8879.712585755391, 2515.348553844463, 13030.067425312358, 9027.298260211654, 2455.300703559417]]}, "mtl": {"idx": 0}}], "featureCount": 1, "startIndex": 0}