{"type": "block", "layer": 100, "block": 0, "features": [{"geom": {"triangles": {"v": [-15907.369775822095, -1323.2213219106197, 2392.9864501953125, -15907.369775822095, -1323.2213219106197, 2501.857147216797, -15618.463525822095, -1254.9713219106197, 2412.1694946289062, -15618.463525822095, -1254.9713219106197, 2522.1743774414062, -15329.557275822095, -1186.7213219106197, 2444.404754638672, -15329.557275822095, -1186.7213219106197, 2567.2537231445312, -15040.651025822095, -1118.4713219106197, 2469.9932861328125, -15040.651025822095, -1118.4713219106197, 2573.817138671875, -14751.744775822095, -1050.2525719106197, 2575.0839233398438, -14751.744775822095, -1050.2525719106197, 2464.3284606933594, -14462.838525822095, -982.0025719106197, 2519.9365234375, -14462.838525822095, -982.0025719106197, 2459.877471923828, -14173.932275822095, -913.7525719106197, 2511.514892578125, -14173.932275822095, -913.7525719106197, 2445.8168029785156, -13885.026025822095, -845.5025719106197, 2507.5576782226562, -13885.026025822095, -845.5025719106197, 2437.6026916503906, -13596.119775822095, -777.2525719106197, 2442.7101135253906, -13596.119775822095, -777.2525719106197, 2515.8413696289062, -13307.213525822095, -709.0025719106197, 2453.009033203125, -13307.213525822095, -709.0025719106197, 2624.3960571289062, -13018.307275822095, -640.7525719106197, 2461.3412475585938, -13018.307275822095, -640.7525719106197, 2625.396728515625, -12729.401025822095, -572.5338219106197, 2595.029296875, -12729.401025822095, -572.5338219106197, 2485.7974243164062, -12440.494775822095, -504.28382191061974, 2561.240234375, -12440.494775822095, -504.28382191061974, 2459.485626220703, -12151.588525822095, -436.03382191061974, 2524.3765258789062, -12151.588525822095, -436.03382191061974, 2420.9339904785156, -11862.682275822095, -367.78382191061974, 2518.241424560547, -11862.682275822095, -367.78382191061974, 2416.0101318359375, -11601.088525822095, -322.28382191061974, 2511.5065002441406, -11601.088525822095, -322.28382191061974, 2366.4895629882812, -11339.463525822095, -276.78382191061974, 2460.4409790039062, -11339.463525822095, -276.78382191061974, 2356.2718200683594, -11077.869775822095, -231.28382191061974, 2395.4141235351562, -11077.869775822095, -231.28382191061974, 2554.443817138672, -10816.276025822095, -185.78382191061974, 2406.0690307617188, -10816.276025822095, -185.78382191061974, 2617.7774047851562, -10554.651025822095, -140.28382191061974, 2487.1629333496094, -10554.651025822095, -140.28382191061974, 2652.1475219726562, -10293.057275822095, -94.78382191061974, 2587.723388671875, -10293.057275822095, -94.78382191061974, 2688.5842895507812, -10031.432275822095, -49.315071910619736, 2591.5594482421875, -10031.432275822095, -49.315071910619736, 2693.48388671875, -9742.526025822095, 7.559928089380264, 2594.3582153320312, -9742.526025822095, 7.559928089380264, 2725.872802734375, -9453.619775822095, 64.43492808938026, 2628.2577514648438, -9453.619775822095, 64.43492808938026, 2778.450927734375, -9164.713525822095, 121.30992808938026, 2685.885009765625, -9164.713525822095, 121.30992808938026, 2828.2949829101562, -8875.807275822095, 178.18492808938026, 2719.8800659179688, -8875.807275822095, 178.18492808938026, 2838.13720703125, -8586.901025822095, 235.05992808938026, 2833.2803344726562, -8586.901025822095, 235.05992808938026, 2720.5682373046875, -8297.994775822095, 291.93492808938026, 2755.4830932617188, -8297.994775822095, 291.93492808938026, 2850.2734375, -8009.088525822095, 348.80992808938026, 2764.388427734375, -8009.088525822095, 348.80992808938026, 2869.4329833984375, -7716.588525822095, 410.30992808938026, 2768.2986450195312, -7716.588525822095, 410.30992808938026, 2878.5382080078125, -7424.057275822095, 471.80992808938026, 2784.5986938476562, -7424.057275822095, 471.80992808938026, 3005.7708740234375, -7131.557275822095, 533.3099280893803, 2807.2531127929688, -7131.557275822095, 533.3099280893803, 3029.7781372070312, -6839.026025822095, 594.8099280893803, 2968.5299682617188, -6839.026025822095, 594.8099280893803, 2836.312255859375, -6546.526025822095, 656.3411780893803, 2909.5428466796875, -6546.526025822095, 656.3411780893803, 2806.5557861328125, -6253.994775822095, 717.8411780893803, 2886.9223022460938, -6253.994775822095, 717.8411780893803, 2805.4705810546875, -5961.494775822095, 779.3411780893803, 2808.7576293945312, -5961.494775822095, 779.3411780893803, 2928.8259887695312, -5668.963525822095, 840.8411780893803, 2904.5843505859375, -5668.963525822095, 840.8411780893803, 2758.3868408203125, -5376.463525822095, 902.3724280893803, 2849.3780517578125, -5376.463525822095, 902.3724280893803, 2730.7513427734375, -5083.932275822095, 963.8724280893803, 2739.7079467773438, -5083.932275822095, 963.8724280893803, 2898.8064575195312, -4791.432275822095, 1025.3724280893803, 2778.1326293945312, -4791.432275822095, 1025.3724280893803, 2958.1991577148438, -4498.901025822095, 1086.8724280893803, 2837.8994750976562, -4498.901025822095, 1086.8724280893803, 3067.6406860351562, -4206.401025822095, 1148.3724280893803, 2980.5172729492188, -4206.401025822095, 1148.3724280893803, 2866.1618041992188, -3913.901025822095, 1209.9036780893803, 2973.5186767578125, -3913.901025822095, 1209.9036780893803, 2783.2638549804688, -3635.244775822095, 1294.4661780893803, 2949.1860961914062, -3635.244775822095, 1294.4661780893803, 2623.7472534179688, -3356.588525822095, 1379.0286780893803, 2838.7664794921875, -3356.588525822095, 1379.0286780893803, 2543.7196350097656, -3077.932275822095, 1463.5911780893803, 2563.5791015625, -3077.932275822095, 1463.5911780893803, 2831.7138671875, -2799.276025822095, 1548.1536780893803, 2624.06982421875, -2799.276025822095, 1548.1536780893803, 3056.5261840820312, -2520.651025822095, 1632.7161780893803, 2790.96923828125, -2520.651025822095, 1632.7161780893803, 3082.254638671875, -2241.994775822095, 1717.2786780893803, 2865.2572631835938, -2241.994775822095, 1717.2786780893803, 3213.5177612304688, -1963.338525822095, 1801.8411780893803, 2864.79736328125, -1963.338525822095, 1801.8411780893803, 3234.2684936523438, -1684.682275822095, 1886.4036780893803, 2914.63134765625, -1684.682275822095, 1886.4036780893803, 3289.3844604492188, -1406.026025822095, 1970.9661780893803, 3212.6934814453125, -1406.026025822095, 1970.9661780893803, 2941.0858154296875, -1153.088525822095, 2087.8099280893803, 3042.2268676757812, -1153.088525822095, 2087.8099280893803, 2853.9117431640625, -900.1510258220951, 2204.6224280893803, 2868.6407470703125, -900.1510258220951, 2204.6224280893803, 3087.9302978515625, -647.2135258220951, 2321.4661780893803, 2938.3096313476562, -647.2135258220951, 2321.4661780893803, 3136.6110229492188, -394.2760258220951, 2438.3099280893803, 2951.9546508789062, -394.2760258220951, 2438.3099280893803, 3146.1422729492188, -141.3385258220951, 2555.1224280893803, 3146.6177368164062, -141.3385258220951, 2555.1224280893803, 2896.2240600585938, 111.59897417790489, 2671.9661780893803, 3091.3311767578125, 111.59897417790489, 2671.9661780893803, 2897.0352172851562, 364.5364741779049, 2788.7786780893803, 2988.1484985351562, 364.5364741779049, 2788.7786780893803, 3082.529296875, 617.4739741779049, 2905.6224280893803, 3010.8673095703125, 617.4739741779049, 2905.6224280893803, 3089.6798706054688, 870.4114741779049, 3022.4349280893803, 3091.2481689453125, 870.4114741779049, 3022.4349280893803, 2992.8549194335938, 1123.348974177905, 3139.2786780893803, 3079.7164916992188, 1123.348974177905, 3139.2786780893803, 2975.743408203125, 1376.286474177905, 3256.0911780893803, 2981.9061279296875, 1376.286474177905, 3256.0911780893803, 3077.9501342773438, 1647.192724177905, 3364.7474280893803, 2967.3455810546875, 1647.192724177905, 3364.7474280893803, 3162.9232788085938, 1918.067724177905, 3473.4036780893803, 2988.095703125, 1918.067724177905, 3473.4036780893803, 3200.916748046875, 2188.973974177905, 3582.0599280893803, 3078.4722900390625, 2188.973974177905, 3582.0599280893803, 2950.44677734375, 2459.848974177905, 