{"type": "block", "layer": 101, "block": 0, "features": [{"geom": {"lines": [[-15907.384266436216, -4600.977137230919, 1930.7574969223938, -15613.532433784974, -4656.216486057907, 1933.0734592083375, -15319.680601133616, -4711.455834884779, 1934.6087990640942, -15025.828768482257, -4766.6951837117085, 1935.580644778192, -14731.97693583084, -4821.934532538522, 1935.81795564245, -14438.125103179598, -4877.17388136551, 1938.5990882838107, -14144.273270528123, -4932.41323019244, 1940.5699049304262, -13850.421437876765, -4987.652579019254, 1941.2933831696237, -13556.569605225523, -5042.8919278461835, 1942.9381059984607, -13262.717772574164, -5098.131276673055, 1945.587328092648, -12968.865939922864, -5153.370625499985, 1945.063865223869, -12675.014107271505, -5208.609974326915, 1946.8830578913455, -12381.162274620146, -5263.849323153787, 1948.313896348, -12087.310441968788, -5319.088671980717, 1952.1415803223658, -11793.45860931743, -5374.328020807647, 1953.8087279131269, -11499.60677666607, -5429.567369634518, 1953.4322006463287, -11205.75494401477, -5484.806718461448, 1952.698274155716, -10911.903111363295, -5540.046067288378, 1951.9852962321875, -10618.051278712053, -5595.285416115308, 1951.6438741362206, -10333.211643264396, -5639.251428446849, 1953.0915421353307, -10048.372007816739, -5683.217440778506, 1955.68753912371, -9763.53237236914, -5727.183453110163, 1956.8857462465087, -9478.692736921541, -5771.149465441704, 1959.3107593095376, -9193.853101473884, -5815.115477773361, 1960.8790499173037, -8909.013466026343, -5859.081490105076, 1963.9607524025332, -8624.173830578744, -5903.047502436675, 1964.8736960667375, -8339.334195131145, -5947.013514768274, 1967.9037341813678, -8054.494559683604, -5990.979527099873, 1970.9878965492453, -7769.654924235889, -6034.945539431588, 1976.1834360501337, -7484.81528878829, -6078.911551763071, 1978.8821299625477, -7199.975653340633, -6122.877564094786, 1983.8341345191493, -6915.136017893092, -6166.843576426385, 1983.75818708357, -6630.296382445493, -6210.809588758042, 1981.0394442573136, -6345.456746997777, -6254.775601089699, 1983.1967600332189, -6060.617111550178, -6298.741613421298, 1987.621800015738, -5775.777476102638, -6342.707625752897, 1986.231174883465, -5490.937840655039, -6386.673638084612, 1984.7905437698782, -5212.768262633937, -6425.566648993292, 1986.3548865396467, -4934.598684612545, -6464.459659902088, 1987.849835158372, -4656.429106591386, -6503.352670810767, 1989.9207426394269, -4378.259528570226, -6542.245681719505, 1991.9755639630102, -4100.089950549067, -6581.138692628301, 1994.4770529530376, -3821.9203725278494, -6620.031703537039, 1996.1240842098973, -3543.7507945065736, -6658.924714445777, 1993.941948624908, -3265.581216485414, -6697.817725354515, 1993.909207854366, -2974.7291349069565, -6731.637734840449, 1993.6022334698123, -2683.877053328615, -6765.457744326268, 1996.4029569365289, -2393.0249717501574, -6799.277753812086, 1998.127604543324, -2102.1728901716997, -6833.097763298021, 1998.9118646881527, -1811.3208085933002, -6866.91777278384, 1999.5851611439825, -1520.4687270149007, -6900.737782269658, 2000.6612883187381, -1247.0097931721248, -6905.569212196278, 1999.978665415828, -973.5508593292325, -6910.400642122666, 2003.3638804493057, -700.0919254865148, -6915.232072049286, 2003.1520736777716, -426.6329916436807, -6920.063501975848, 2005.373324401914, -153.17405780084664, -6924.8949319024105, 2006.2143724058183, 120.28487604192924, -6929.726361828856, 2009.0391932211287, 393.74380988482153, -6934.557791755418, 2006.3970302551552, 680.2191843531327, -6880.445776577981, 2006.9545511964893, 966.6945588216768, -6826.33376140066, 2009.2767235802821, 1253.169933289988, -6772.22174622328, 2011.3257270771296, 1539.6453077585902, -6718.109731045843, 2013.168614771405, 1826.1206822271924, -6663.997715868463, 2011.59542344307, 2112.596056695562, -6609.885700691142, 2009.9898438675837, 2399.0714311640477, -6555.773685513705, 2012.0701249384065, 2685.54680563265, -6501.661670336325, 2013.7813475145017, 2972.0221801010193, -6447.549655159004, 2016.0680710005631, 3258.4975545695634, -6393.437639981625, 2017.8489061366013, 3544.9729290379328, -6339.325624804187, 2014.8282647680066, 3831.4483035064186, -6285.213609626808, 2020.1674853388865, 4117.923677974963, -6231.101594449487, 2014.6470093232033, 4404.39905244339, -6176.989579272165, 2015.759289538274, 4690.8744269119925, -6122.877564094728, 2015.4701898827805, 4977.349801380304, -6068.7655489173485, 2014.5423215138228, 5263.825175848848, -6014.653533740027, 2013.260550201916, 5517.475246992719, -5914.884505756607, 2010.9853926513906, 5771.125318136765, -5815.115477773303, 2007.6536348061484, 6024.775389280694, -5715.346449790057, 2006.0931561787922, 6278.425460424682, -5615.577421806753, 2004.7324579431242, 6532.075531568553, -5515.808393823507, 2003.3009050374994, 6785.725602712599, -5416.039365840319, 2001.6534102184526, 7039.375673856528, -5316.270337856899, 2001.1714358929078, 7293.025745000399, -5216.501309873653, 1999.4842231961084, 7550.057817093097, -5081.221271930204, 1997.4782662404039, 7807.0898891856195, -4945.941233986756, 1997.4148697053795, 8064.121961278026, -4810.661196043424, 1997.0063255328814, 8321.154033370607, -4675.381158099917, 1992.790675554717, 8578.186105463305, -4540.101120156411, 1990.1444104397788, 8835.218177555886, -4404.821082213079, 1987.7762732497329, 9092.250249648408, -4269.54104426963, 1985.298484620842, 9349.28232174099, -4134.261006326182, 1983.5078768495655, 9606.31439383357, -3998.9809683827334, 1982.4830002402687, 9863.346465926035, -3863.700930439343, 1981.1754566891798, 10120.378538018558, -3728.420892495895, 1978.7750925388664, 10377.410610111314, -3593.140854552388, 1977.0512142116208, 10634.442682203837, -3457.86081660894, 1975.7709857127704, 10891.474754296301, -3322.580778665666, 1975.2805229444489, 11148.506826388824, -3187.3007407221594, 1971.7395407516033, 11405.538898481522, -3052.020702778653, 1968.9632798649234, 11662.570970574045, -2916.7406648352626, 1965.818684722146, 11919.603042666451, -2781.460626891989, 1963.359987685603, 12176.635114759207, -2646.1805889483658, 1962.3216153260362, 12433.66718685173, -2510.900551005034, 1959.833552747814, 12690.699258944136, -2375.620513061702, 1957.7932565592403, 12947.731331036834, -2240.340475118137, 1955.677013305981, 13204.763403129531, -2105.0604371746886, 1953.0626973044457, 13461.795475222054, -1969.7803992312402, 1952.5917004236107, 13718.827547314519, -1834.50036128785, 1950.5080306494183]]}, "mtl": {"idx": 0}}], "featureCount": 1, "startIndex": 0}