{"type": "block", "layer": 102, "block": 0, "features": [{"geom": {"triangles": {"v": [-15613.526025822095, -4656.22132191062, 1915.3604125976562, -15907.369775822095, -4600.97132191062, 1912.5802612304688, -15613.526025822095, -4656.22132191062, 1952.9069519042969, -15319.682275822095, -4711.47132191062, 1916.9696044921875, -15319.682275822095, -4711.47132191062, 1953.8557434082031, -15025.838525822095, -4766.69007191062, 1918.1918334960938, -15025.838525822095, -4766.69007191062, 1979.8403930664062, -14731.963525822095, -4821.94007191062, 1941.4859008789062, -14731.963525822095, -4821.94007191062, 1931.6645812988281, -14438.119775822095, -4877.15882191062, 1922.7725219726562, -14438.119775822095, -4877.15882191062, 1960.6466674804688, -14144.276025822095, -4932.40882191062, 1924.9020385742188, -14144.276025822095, -4932.40882191062, 1969.6250915527344, -13850.432275822095, -4987.65882191062, 1925.3889465332031, -13850.432275822095, -4987.65882191062, 1971.4117431640625, -13556.557275822095, -5042.87757191062, 1928.6550903320312, -13556.557275822095, -5042.87757191062, 1969.9760437011719, -13262.713525822095, -5098.12757191062, 1930.6681823730469, -13262.713525822095, -5098.12757191062, 1984.81201171875, -12968.869775822095, -5153.37757191062, 1973.6976623535156, -12968.869775822095, -5153.37757191062, 1932.2380065917969, -12675.026025822095, -5208.59632191062, 1970.4859924316406, -12675.026025822095, -5208.59632191062, 1934.3118286132812, -12381.151025822095, -5263.84632191062, 1967.5724792480469, -12381.151025822095, -5263.84632191062, 1936.5713500976562, -12087.307275822095, -5319.09632191062, 1938.5746765136719, -12087.307275822095, -5319.09632191062, 1973.2931518554688, -11793.463525822095, -5374.31507191062, 1940.4045104980469, -11793.463525822095, -5374.31507191062, 1979.1828918457031, -11499.619775822095, -5429.56507191062, 1975.6832885742188, -11499.619775822095, -5429.56507191062, 1943.8584899902344, -11205.744775822095, -5484.81507191062, 1945.7508850097656, -11205.744775822095, -5484.81507191062, 1977.3800659179688, -10911.901025822095, -5540.03382191062, 1947.7035522460938, -10911.901025822095, -5540.03382191062, 1979.7840881347656, -10618.057275822095, -5595.28382191062, 1960.2537536621094, -10618.057275822095, -5595.28382191062, 1949.351806640625, -10333.213525822095, -5639.25257191062, 1948.748779296875, -10333.213525822095, -5639.25257191062, 1987.9913330078125, -10048.369775822095, -5683.22132191062, 1949.4561767578125, -10048.369775822095, -5683.22132191062, 1988.0830383300781, -9763.526025822095, -5727.19007191062, 1949.8951721191406, -9763.526025822095, -5727.19007191062, 1991.5231323242188, -9478.682275822095, -5771.15882191062, 1953.1253051757812, -9478.682275822095, -5771.15882191062, 1991.8486022949219, -9193.838525822095, -5815.12757191062, 1953.8563537597656, -9193.838525822095, -5815.12757191062, 1995.4896545410156, -8909.026025822095, -5859.09632191062, 1955.1663208007812, -8909.026025822095, -5859.09632191062, 1996.9029235839844, -8624.182275822095, -5903.03382191062, 1956.22802734375, -8624.182275822095, -5903.03382191062, 2003.6898803710938, -8339.338525822095, -5947.00257191062, 1957.7435302734375, -8339.338525822095, -5947.00257191062, 2004.7831726074219, -8054.494775822095, -5990.97132191062, 1961.776123046875, -8054.494775822095, -5990.97132191062, 2002.705078125, -7769.651025822095, -6034.94007191062, 1967.7085876464844, -7769.651025822095, -6034.94007191062, 2012.9095458984375, -7484.807275822095, -6078.90882191062, 1998.5650634765625, -7484.807275822095, -6078.90882191062, 1970.6446838378906, -7199.963525822095, -6122.87757191062, 1970.1580810546875, -7199.963525822095, -6122.87757191062, 2023.6531066894531, -6915.151025822095, -6166.84632191062, 2021.3223266601562, -6915.151025822095, -6166.84632191062, 1972.2781372070312, -6630.307275822095, -6210.81507191062, 2009.9440002441406, -6630.307275822095, -6210.81507191062, 1963.6079406738281, -6345.463525822095, -6254.78382191062, 2004.6049499511719, -6345.463525822095, -6254.78382191062, 1963.4700012207031, -6060.619775822095, -6298.75257191062, 1968.8426208496094, -6060.619775822095, -6298.75257191062, 2007.2212219238281, -5775.776025822095, -6342.72132191062, 2001.0733032226562, -5775.776025822095, -6342.72132191062, 1971.3381958007812, -5490.932275822095, -6386.65882191062, 1996.5846252441406, -5490.932275822095, -6386.65882191062, 1969.8829650878906, -5212.776025822095, -6425.56507191062, 1970.2555847167969, -5212.776025822095, -6425.56507191062, 2000.3840637207031, -4934.588525822095, -6464.47132191062, 1970.1626586914062, -4934.588525822095, -6464.47132191062, 2017.9466247558594, -4656.432275822095, -6503.34632191062, 2004.5027160644531, -4656.432275822095, -6503.34632191062, 1973.7701416015625, -4378.244775822095, -6542.25257191062, 1975.8518981933594, -4378.244775822095, -6542.25257191062, 2005.2491760253906, -4100.088525822095, -6581.12757191062, 2004.7087097167969, -4100.088525822095, -6581.12757191062, 1976.0530090332031, -3821.932275822095, -6620.03382191062, 1979.4609069824219, -3821.932275822095, -6620.03382191062, 2004.0583801269531, -3543.744775822095, -6658.90882191062, 1980.6059265136719, -3543.744775822095, -6658.90882191062, 2004.6080017089844, -3265.588525822095, -6697.81507191062, 1983.662109375, -3265.588525822095, -6697.81507191062, 2008.4902954101562, -2974.744775822095, -6731.62757191062, 2006.0057067871094, -2974.744775822095, -6731.62757191062, 1982.2970581054688, -2683.869775822095, -6765.47132191062, 1983.5321044921875, -2683.869775822095, -6765.47132191062, 2009.1865539550781, -2393.026025822095, -6799.28382191062, 1985.7313537597656, -2393.026025822095, -6799.28382191062, 2011.5472412109375, -2102.182275822095, -6833.09632191062, 2009.1604614257812, -2102.182275822095, -6833.09632191062, 1984.2341613769531, -1811.307275822095, -6866.90882191062, 1983.4774780273438, -1811.307275822095, -6866.90882191062, 2010.2101135253906, -1520.463525822095, -6900.75257191062, 1985.7562255859375, -1520.463525822095, -6900.75257191062, 2008.9369201660156, -1247.026025822095, -6905.56507191062, 1980.0552368164062, -1247.026025822095, -6905.56507191062, 2014.9983215332031, -973.5572758220951, -6910.40882191062, 1991.8626403808594, -973.5572758220951, -6910.40882191062, 2010.2224731445312, -700.0885258220951, -6915.22132191062, 2011.2004089355469, -700.0885258220951, -6915.22132191062, 1990.5194091796875, -426.6197758220951, -6920.06507191062, 1996.094970703125, -426.6197758220951, -6920.06507191062, 2016.6514587402344, -153.1822758220951, -6924.90882191062, 1997.1966552734375, -153.1822758220951, -6924.90882191062, 2016.1781311035156, 120.28647417790489, -6929.72132191062, 1998.5171508789062, 120.28647417790489, -6929.72132191062, 2019.1368103027344, 393.7552241779049, -6934.56507191062, 2017.962646484375, 393.7552241779049, -6934.56507191062, 1996.7161560058594, 680.2239741779049, -6880.44007191062, 1997.3629760742188, 680.2239741779049, -6880.44007191062, 2018.6241149902344, 966.6927241779049, -6826.34632191062, 1998.6570739746094, 966.6927241779049, -6826.34632191062, 2020.6922912597656, 1253.161474177905, -6772.22132191062, 2002.1249389648438, 1253.161474177905, -6772.22132191062, 2021.3819885253906, 1539.630224177905, -6718.09632191062, 2020.911865234375, 1539.630224177905, -6718.09632191062, 2002.4993896484375, 1826.130224177905, -6664.00257191062, 2019.8953247070312, 1826.130224177905, -6664.00257191062, 2000.1849365234375, 2112.598974177905, -6609.87757191062, 2017.7212524414062, 2112.598974177905, -6609.87757191062, 2000.1849365234375, 2399.067724177905, -6555.78382191062, 2005.2972412109375, 2399.067724177905, -6555.78382191062, 2019.1929626464844, 2685.536474177905, -6501.65882191062, 2006.7108154296875, 2685.536474177905, -6501.65882191062, 2022.1366882324219, 2972.036474177905, -6447.56507191062, 2007.9986572265625, 2972.036474177905, -6447.56507191062, 2097.5393676757812, 3258.505224177905, -6393.44007191062, 2009.0760803222656, 