{"type": "block", "layer": 103, "block": 0, "features": [{"geom": {"lines": [[-15907.3842664361, -1323.219879993645, 1274.5745544400002, -15712.741107692069, -1277.2411810776102, 1279.4003389, -15518.097948947106, -1231.2624821616337, 1283.81078084, -15323.454790203075, -1185.283783245599, 1290.20069402, -15128.811631459103, -1139.3050843296223, 1297.1551905000001, -14934.168472714082, -1093.3263854136458, 1310.59950828, -14739.525313970109, -1047.347686497611, 1320.09196834, -14544.882155226078, -1001.3689875816344, 1333.75193712, -14350.238996481115, -955.3902886655997, 1349.5669047000001, -14155.595837737084, -909.4115897496231, 1365.8749317, -13960.952678992122, -863.4328908336465, 1380.39218522, -13766.30952024809, -817.4541919176118, 1395.43237082, -13571.666361504118, -771.4754930016352, 1407.5228333999999, -13377.023202759097, -725.4967940856004, 1418.54369, -13182.380044015066, -679.5180951696238, 1428.2457283200001, -12987.736885271093, -633.5393962536473, 1435.33366776, -12793.093726526073, -587.5606973376125, 1443.00092648, -12598.4505677821, -541.581998421636, 1447.90365824, -12403.80740903708, -495.60329950560117, 1452.0311991400001, -12209.164250293106, -449.6246005896246, 1455.28611718, -12014.521091548086, -403.64590167364804, 1454.73301032, -11819.35016890912, -360.24321981164394, 1454.22831218, -11622.307817945082, -325.9749848606298, 1453.31451788, -11425.265466981102, -291.70674991060514, 1451.57691574, -11228.223116017121, -257.4385149606387, 1452.18238068, -11031.180765054072, -223.17028001061408, 1452.26569572, -10834.138414090092, -188.90204506064765, 1453.3427353, -10637.096063126111, -154.6338101096335, 1454.82551956, -10440.053712162073, -120.36557515960885, 1456.0714275, -10243.011361198092, -86.09734020964243, 1456.40353012, -10045.969010234112, -51.82910525862826, 1452.1131427399998, -9849.675310640072, -13.521925286622718, 1438.27730876, -9653.441218219115, 25.106833064404782, 1405.7226797199999, -9457.2071257981, 63.735591415374074, 1346.7081693399998, -9260.973033377086, 102.36434976535384, 1152.73598256, -9064.738940956071, 140.99310811638134, 183.69912502, -8868.504848535114, 179.6218664663611, 166.219521022, -8672.2707561141, 218.2506248173886, 909.2971911799999, -8476.036663693085, 256.8793831683579, 1438.2734494, -8279.80257127207, 295.50814151839586, 1447.34865238, -8083.5684788511135, 334.13689986936515, 1461.6690063400001, -7887.653304081119, 374.33242921339115, 1487.31162466, -7691.9332008661, 415.4863014163566, 1509.52997452, -7496.213097650092, 456.6401736193802, 1532.45768356, -7300.492994435073, 497.7940458233934, 1558.5677185, -7104.772891219123, 538.9479180263588, 1586.05820846, -6909.0527880041045, 580.1017902293825, 1612.6495435800002, -6713.332684788096, 621.2556624324061, 1631.0690346800002, -6517.6125815730775, 662.4095346353715, 1628.13385754, -6321.892478357069, 703.5634068393847, 1565.1390427800002, -6126.172375142109, 744.7172790424083, 1534.65661026, -5930.4522719261, 785.8711512453738, 1542.35289002, -5734.732168711082, 827.0250234483974, 1548.1997757, -5539.012065495073, 868.1788956513628, 1624.6044311599999, -5343.291962280113, 909.332767855376, 1725.22413636, -5147.5718590641045, 950.4866400583996, 1751.33050538, -4951.851755849086, 991.6405122613651, 1773.1335747, -4756.1316526330775, 1032.7943844643887, 1700.65278244, -4560.411549418117, 1073.9482566673541, 1590.78502656, -4364.691446202109, 1115.1021288713673, 1442.5628624, -4168.97134298709, 1156.256001074391, 1414.7036781400002, -3973.2512397710816, 1197.4098732773564, 1414.02023678, -3780.5542432250804, 1250.35647858039, 1413.14375686, -3589.173402562097, 1308.4372312193736, 1411.7371583600002, -3397.792561899114, 1366.5179838583572, 1409.36124038, -3206.4117212360725, 1424.598736497399, 1404.87209786, -3015.0308805730892, 1482.6794891363825, 1398.9171486, -2823.650039910106, 1540.760241775366, 1398.02504748, -2632.2691992471227, 1598.8409944144078, 1418.09688186, -2440.8883585840813, 1656.9217470533913, 1474.58442688, -2249.507517921098, 1715.0024996923748, 1556.16135016, -2058.126677258115, 1773.0832523313584, 1640.50383758, -1866.7458365950733, 1831.1640049704001, 1693.83948302, -1675.36499593209, 1889.2447576093837, 1710.6874382199999, -1483.9841552691069, 1947.3255102483672, 1702.59056624, -1298.4196171720978, 2020.688228039362, 1685.3516250999999, -1116.8515780451125, 2104.5514927483746, 1667.23631638, -935.2835389180691, 2188.414757457387, 1650.3851578800002, -753.7154997910839, 2272.278022165352, 1636.47711944, -572.1474606640986, 2356.1412868743646, 1626.29918416, -390.5794215381029, 2440.004551583377, 1618.02071596, -209.01138241111767, 2523.8678162923898, 1610.5730903400001, -27.443343284074217, 2607.7310810014023, 1603.76348356, 154.12469584291102, 2691.594345709367, 1599.5504526, 335.69273496989626, 2775.4576104183798, 1599.9825630199998, 517.2607740968815, 2859.3208751273924, 1604.2168644399999, 698.828813223925, 2943.184139836405, 1605.4947369000001, 880.3968523499207, 3027.0474045453593, 1617.37143884, 1061.964891476906, 3110.910669254372, 1632.8631145200002, 1243.5329306038911, 3194.773933962395, 1647.0281747600002, 1426.191192730912, 3276.108626722358, 1663.71893906, 1611.815332635888, 3350.5645108703757, 1672.97417246, 1797.4394725419115, 3425.0203950174036, 1669.66397798, 1983.063612447877, 3499.476279165363, 1658.92036996, 2168.6877523539006, 3573.9321633133804, 1635.013639, 2354.311892259924, 3648.3880474604084, 1596.18410382, 2539.9360321658896, 3722.8439316083677, 1544.25346776, 2725.5601720719133, 3797.299815756385, 1487.0491586, 2911.1843119778787, 3871.755699903355, 1440.86093218, 3096.8084518839023, 3946.2115840513725, 1423.2695407, 3282.518677483895, 4020.445733020373, 1444.2096977200001, 3469.755384600896, 4090.748048118374, 1502.90098954, 3656.992091717897, 4161.0503632163745, 1575.56422042, 3844.2287988339085, 4231.352678314375, 1642.44550432, 4031.4655059509096, 4301.654993412376, 1684.38888158, 4218.702213066921, 4371.957308510377, 1699.7445522199998, 4405.938920183922, 4442.259623608377, 1695.7970112199998, 4593.175627299934, 4512.561938706378, 1678.88572498, 4780.412334416877, 4582.864253804379, 1654.8366127, 4967.649041533878, 4653.166568902379, 1629.77730942, 5154.885748649889, 4723.46888400038, 1608.9949302599998, 5342.12245576689, 4793.771199098381, 1595.97626496, 5529.359162883891, 4864.073514196381, 1589.09693668, 5716.595869999903, 4934.375829294382, 1585.96578086, 5903.832577116904, 5004.678144392383, 1584.3695411600002, 6091.069284232915, 5074.9804594903835, 1583.0803299, 6278.305991349916, 5145.282774588384, 1579.02759552, 6457.144256430911, 5234.71241241938, 1573.83797994, 6635.612725736923, 5324.984254451352, 1565.91645032, 6814.0811950418865, 5415.256096484372, 1555.5599321599998, 6992.549664346909, 5505.527938516403, 1544.2899527200002, 7171.018133651931, 5595.799780548376, 1534.0499115, 7349.486602956895, 5686.071622580406, 1526.4023720399998, 7527.955072261917, 5776.343464612379, 1523.35566824, 7706.423541566881, 5866.615306645399, 1523.6291830799998, 7884.892010871903, 5956.887148677371, 1527.71027002, 8063.360480176925, 6047.158990709402, 1532.76505754, 8241.828949482879, 6137.430832741375, 1538.6253116, 8420.2974187879, 6227.702674774395, 1543.4685173, 8598.765888092923, 6317.974516806367, 1546.99721898, 8777.234357397887, 6408.246358838398, 1548.3941230799999, 8955.702826702909, 6498.5182008703705, 1548.65478124, 9134.171296007931, 6588.790042903391, 1548.5703315800001, 9312.639765312895, 6679.061884935363, 1549.4219152, 9489.783637746878, 6771.68615376536, 1549.2404621399999, 9659.513791720907, 6877.476866173383, 1555.4100074799999, 9829.243945694878, 6983.267578582396, 1562.10841644, 9998.974099668907, 7089.058290990361, 1568.47125626, 10168.704253642878, 7194.849003399373, 1575.32691192, 10338.434407616907, 7300.639715807396, 1575.0663444400002, 10508.164561591926, 7406.4304282164085, 1572.68541718, 10677.894715565897, 7512.221140625363, 1567.2970810000002, 